<?xml version='1.0' encoding='UTF-8'?>
<system creation-date="2023-05-16 14:15:44.420000" desc="" enable="False" id="0D67C7EE-F066-4DFE-941D-0C4247210FF4" last-modified-date="" name="IRB14000"><applications><application name="RobotWare" version="6.15.2027"><settings><system-xml path="D:\Assistenzsystem für Verpressung\ABB RobotStudio\Virtual Controllers\IRB14000\system.xml" /><key-id path="D:\Assistenzsystem für Verpressung\ABB RobotStudio\Virtual Controllers\IRB14000\INTERNAL\key.id" /><setting-file path="D:\Assistenzsystem für Verpressung\ABB RobotStudio\Virtual Controllers\IRB14000\INTERNAL\controller.rsf" /></settings></application></applications></system>